event_id,asset,market_id,window,source_time,observation_time,market_time,reaction_time,observed_diff_ms,move_pct,poll_interval_ms,quality,note,collector_version
3949831@1787994154,SOL,3949831,5m,2026-08-29T09:02:25.484167657Z,2026-08-29T09:02:34.151025+00:00,1787994154930,,9446,,15000,LOW,observed timing difference; causality not established,0.1.0
3949833@1787994154,XRP,3949833,5m,2026-08-29T09:02:31.310537315Z,2026-08-29T09:02:34.151025+00:00,1787994155153,,3842,,15000,LOW,observed timing difference; causality not established,0.1.0
3949837@1787994154,ETH,3949837,5m,2026-08-29T09:02:29.489600568Z,2026-08-29T09:02:34.151025+00:00,1787994155748,,6258,,15000,LOW,observed timing difference; causality not established,0.1.0
3949839@1787994154,BTC,3949839,5m,2026-08-29T09:02:33.403516066Z,2026-08-29T09:02:34.151025+00:00,1787994156176,,2772,,15000,LOW,observed timing difference; causality not established,0.1.0
3949833@1787994169,XRP,3949833,5m,2026-08-29T09:02:34.545612358Z,2026-08-29T09:02:49.151160+00:00,1787994169580,,15034,,15000,MEDIUM,observed timing difference; causality not established,0.1.0
3949837@1787994169,ETH,3949837,5m,2026-08-29T09:02:34.122869654Z,2026-08-29T09:02:49.151160+00:00,1787994170114,,15991,,15000,MEDIUM,observed timing difference; causality not established,0.1.0
3949831@1787994169,SOL,3949831,5m,2026-08-29T09:02:45.273039415Z,2026-08-29T09:02:49.151160+00:00,1787994170391,,5118,,15000,LOW,observed timing difference; causality not established,0.1.0
3949839@1787994169,BTC,3949839,5m,2026-08-29T09:02:48.579127801Z,2026-08-29T09:02:49.151160+00:00,1787994170873,,2294,,15000,LOW,observed timing difference; causality not established,0.1.0
3949831@1787994184,SOL,3949831,5m,2026-08-29T09:03:03.244068354Z,2026-08-29T09:03:04.151293+00:00,1787994184748,,1504,,15000,LOW,observed timing difference; causality not established,0.1.0
3949833@1787994184,XRP,3949833,5m,2026-08-29T09:03:00.425999951Z,2026-08-29T09:03:04.151293+00:00,1787994185147,,4721,,15000,LOW,observed timing difference; causality not established,0.1.0
3949837@1787994184,ETH,3949837,5m,2026-08-29T09:02:49.157566948Z,2026-08-29T09:03:04.151293+00:00,1787994185534,,16376,,15000,MEDIUM,observed timing difference; causality not established,0.1.0
3949839@1787994184,BTC,3949839,5m,2026-08-29T09:03:03.776689835Z,2026-08-29T09:03:04.151293+00:00,1787994185906,,2129,,15000,LOW,observed timing difference; causality not established,0.1.0
3949839@1787994199,BTC,3949839,5m,2026-08-29T09:03:17.948585773Z,2026-08-29T09:03:19.151417+00:00,1787994199695,,1746,,15000,LOW,observed timing difference; causality not established,0.1.0
3949831@1787994199,SOL,3949831,5m,2026-08-29T09:03:16.636767481Z,2026-08-29T09:03:19.151417+00:00,1787994200071,,3434,,15000,LOW,observed timing difference; causality not established,0.1.0
3949833@1787994199,XRP,3949833,5m,2026-08-29T09:03:17.022439862Z,2026-08-29T09:03:19.151417+00:00,1787994200372,,3350,,15000,LOW,observed timing difference; causality not established,0.1.0
3949837@1787994199,ETH,3949837,5m,2026-08-29T09:03:18.120044693Z,2026-08-29T09:03:19.151417+00:00,1787994200897,,2777,,15000,LOW,observed timing difference; causality not established,0.1.0
3949831@1787994214,SOL,3949831,5m,2026-08-29T09:03:33.277435879Z,2026-08-29T09:03:34.151539+00:00,1787994214842,,1565,,15000,LOW,observed timing difference; causality not established,0.1.0
3949837@1787994214,ETH,3949837,5m,2026-08-29T09:03:29.692872465Z,2026-08-29T09:03:34.151539+00:00,1787994215198,,5505,,15000,LOW,observed timing difference; causality not established,0.1.0
3949833@1787994214,XRP,3949833,5m,2026-08-29T09:03:26.996712963Z,2026-08-29T09:03:34.151539+00:00,1787994215591,,8594,,15000,LOW,observed timing difference; causality not established,0.1.0
3949839@1787994214,BTC,3949839,5m,2026-08-29T09:03:26.915339597Z,2026-08-29T09:03:34.151539+00:00,1787994216050,,9135,,15000,LOW,observed timing difference; causality not established,0.1.0
3949831@1787994229,SOL,3949831,5m,2026-08-29T09:03:47.938474309Z,2026-08-29T09:03:49.151655+00:00,1787994229582,,1644,,15000,LOW,observed timing difference; causality not established,0.1.0
3949833@1787994229,XRP,3949833,5m,2026-08-29T09:03:43.731184806Z,2026-08-29T09:03:49.151655+00:00,1787994230121,,6390,,15000,LOW,observed timing difference; causality not established,0.1.0
3949837@1787994229,ETH,3949837,5m,2026-08-29T09:03:41.740758330Z,2026-08-29T09:03:49.151655+00:00,1787994230461,,8720,,15000,LOW,observed timing difference; causality not established,0.1.0
3949839@1787994229,BTC,3949839,5m,2026-08-29T09:03:48.928898940Z,2026-08-29T09:03:49.151655+00:00,1787994230935,,2006,,15000,LOW,observed timing difference; causality not established,0.1.0
3949837@1787994244,ETH,3949837,5m,2026-08-29T09:04:02.414497047Z,2026-08-29T09:04:04.151781+00:00,1787994244587,,2173,,15000,LOW,observed timing difference; causality not established,0.1.0
3949831@1787994244,SOL,3949831,5m,2026-08-29T09:03:58.289833935Z,2026-08-29T09:04:04.151781+00:00,1787994245073,,6783,,15000,LOW,observed timing difference; causality not established,0.1.0
3949833@1787994244,XRP,3949833,5m,2026-08-29T09:03:57.246430848Z,2026-08-29T09:04:04.151781+00:00,1787994245237,,7991,,15000,LOW,observed timing difference; causality not established,0.1.0
3949839@1787994244,BTC,3949839,5m,2026-08-29T09:04:02.121800750Z,2026-08-29T09:04:04.151781+00:00,1787994245909,,3787,,15000,LOW,observed timing difference; causality not established,0.1.0
3949831@1787994259,SOL,3949831,5m,2026-08-29T09:04:16.428560621Z,2026-08-29T09:04:19.151914+00:00,1787994259602,,3173,,15000,LOW,observed timing difference; causality not established,0.1.0
3949833@1787994259,XRP,3949833,5m,2026-08-29T09:04:09.692428103Z,2026-08-29T09:04:19.151914+00:00,1787994260079,,10387,,15000,LOW,observed timing difference; causality not established,0.1.0
3949837@1787994259,ETH,3949837,5m,2026-08-29T09:04:18.436329340Z,2026-08-29T09:04:19.151914+00:00,1787994260099,,1663,,15000,LOW,observed timing difference; causality not established,0.1.0
3949839@1787994259,BTC,3949839,5m,2026-08-29T09:04:18.467200228Z,2026-08-29T09:04:19.151914+00:00,1787994260930,,2463,,15000,LOW,observed timing difference; causality not established,0.1.0
3949831@1787994274,SOL,3949831,5m,2026-08-29T09:04:32.152765190Z,2026-08-29T09:04:34.152043+00:00,1787994274585,,2432,,15000,LOW,observed timing difference; causality not established,0.1.0
3949833@1787994274,XRP,3949833,5m,2026-08-29T09:04:27.152668535Z,2026-08-29T09:04:34.152043+00:00,1787994275084,,7931,,15000,LOW,observed timing difference; causality not established,0.1.0
3949837@1787994274,ETH,3949837,5m,2026-08-29T09:04:26.042287762Z,2026-08-29T09:04:34.152043+00:00,1787994275459,,9417,,15000,LOW,observed timing difference; causality not established,0.1.0
3949839@1787994274,BTC,3949839,5m,2026-08-29T09:04:33.104097086Z,2026-08-29T09:04:34.152043+00:00,1787994275921,,2817,,15000,LOW,observed timing difference; causality not established,0.1.0
3949831@1787994289,SOL,3949831,5m,2026-08-29T09:04:48.297259391Z,2026-08-29T09:04:49.152173+00:00,1787994289612,,1315,,15000,LOW,observed timing difference; causality not established,0.1.0
3949833@1787994289,XRP,3949833,5m,2026-08-29T09:04:45.427738241Z,2026-08-29T09:04:49.152173+00:00,1787994290129,,4701,,15000,LOW,observed timing difference; causality not established,0.1.0
3949837@1787994289,ETH,3949837,5m,2026-08-29T09:04:44.483783510Z,2026-08-29T09:04:49.152173+00:00,1787994290101,,5617,,15000,LOW,observed timing difference; causality not established,0.1.0
3949839@1787994289,BTC,3949839,5m,2026-08-29T09:04:47.645429009Z,2026-08-29T09:04:49.152173+00:00,1787994290890,,3245,,15000,LOW,observed timing difference; causality not established,0.1.0
3949827@1787994364,XRP,3949827,15m,2026-08-29T09:05:57.625688419Z,2026-08-29T09:06:04.152798+00:00,1787994364677,,7051,,15000,LOW,observed timing difference; causality not established,0.1.0
3949838@1787994364,BTC,3949838,15m,2026-08-29T09:06:02.814893302Z,2026-08-29T09:06:04.152798+00:00,1787994365170,,2355,,15000,LOW,observed timing difference; causality not established,0.1.0
3949829@1787994364,ETH,3949829,15m,2026-08-29T09:05:57.955135731Z,2026-08-29T09:06:04.152798+00:00,1787994365630,,7675,,15000,LOW,observed timing difference; causality not established,0.1.0
3949830@1787994364,SOL,3949830,15m,2026-08-29T09:05:58.522192019Z,2026-08-29T09:06:04.152798+00:00,1787994366134,,7612,,15000,LOW,observed timing difference; causality not established,0.1.0
3949829@1787994379,ETH,3949829,15m,2026-08-29T09:06:19.066055593Z,2026-08-29T09:06:19.152922+00:00,1787994379667,,601,,15000,LOW,observed timing difference; causality not established,0.1.0
3949830@1787994379,SOL,3949830,15m,2026-08-29T09:06:18.458947519Z,2026-08-29T09:06:19.152922+00:00,1787994380032,,1573,,15000,LOW,observed timing difference; causality not established,0.1.0
3949838@1787994379,BTC,3949838,15m,2026-08-29T09:06:18.594511011Z,2026-08-29T09:06:19.152922+00:00,1787994380423,,1828,,15000,LOW,observed timing difference; causality not established,0.1.0
3949827@1787994379,XRP,3949827,15m,2026-08-29T09:06:17.202754268Z,2026-08-29T09:06:19.152922+00:00,1787994380752,,3549,,15000,LOW,observed timing difference; causality not established,0.1.0
3949827@1787994394,XRP,3949827,15m,2026-08-29T09:06:33.209853249Z,2026-08-29T09:06:34.153044+00:00,1787994394544,,1334,,15000,LOW,observed timing difference; causality not established,0.1.0
3949830@1787994394,SOL,3949830,15m,2026-08-29T09:06:30.821475110Z,2026-08-29T09:06:34.153044+00:00,1787994394980,,4159,,15000,LOW,observed timing difference; causality not established,0.1.0
3949829@1787994394,ETH,3949829,15m,2026-08-29T09:06:24.235487050Z,2026-08-29T09:06:34.153044+00:00,1787994395321,,11086,,15000,LOW,observed timing difference; causality not established,0.1.0
3949838@1787994394,BTC,3949838,15m,2026-08-29T09:06:33.620384996Z,2026-08-29T09:06:34.153044+00:00,1787994395618,,1998,,15000,LOW,observed timing difference; causality not established,0.1.0
3949827@1787994409,XRP,3949827,15m,2026-08-29T09:06:47.070943472Z,2026-08-29T09:06:49.153167+00:00,1787994409804,,2733,,15000,LOW,observed timing difference; causality not established,0.1.0
3949829@1787994409,ETH,3949829,15m,2026-08-29T09:06:45.427679288Z,2026-08-29T09:06:49.153167+00:00,1787994410136,,4708,,15000,LOW,observed timing difference; causality not established,0.1.0
3949830@1787994409,SOL,3949830,15m,2026-08-29T09:06:39.498632779Z,2026-08-29T09:06:49.153167+00:00,1787994410448,,10949,,15000,LOW,observed timing difference; causality not established,0.1.0
3949838@1787994409,BTC,3949838,15m,2026-08-29T09:06:48.844071896Z,2026-08-29T09:06:49.153167+00:00,1787994410765,,1921,,15000,LOW,observed timing difference; causality not established,0.1.0
3949858@1787994424,XRP,3949858,5m,2026-08-29T09:07:03.516449246Z,2026-08-29T09:07:04.153302+00:00,1787994424698,,1182,,15000,LOW,observed timing difference; causality not established,0.1.0
3949860@1787994424,BTC,3949860,5m,2026-08-29T09:07:03.586307868Z,2026-08-29T09:07:04.153302+00:00,1787994425196,,1610,,15000,LOW,observed timing difference; causality not established,0.1.0
3949865@1787994424,ETH,3949865,5m,2026-08-29T09:07:03.458780597Z,2026-08-29T09:07:04.153302+00:00,1787994425594,,2135,,15000,LOW,observed timing difference; causality not established,0.1.0
3949864@1787994424,SOL,3949864,5m,2026-08-29T09:07:02.930326463Z,2026-08-29T09:07:04.153302+00:00,1787994426026,,3096,,15000,LOW,observed timing difference; causality not established,0.1.0
3949827@1787994424,XRP,3949827,15m,2026-08-29T09:07:03.516449246Z,2026-08-29T09:07:04.153302+00:00,1787994426317,,2801,,15000,LOW,observed timing difference; causality not established,0.1.0
3949830@1787994424,SOL,3949830,15m,2026-08-29T09:07:02.930326463Z,2026-08-29T09:07:04.153302+00:00,1787994426674,,3744,,15000,LOW,observed timing difference; causality not established,0.1.0
3949838@1787994424,BTC,3949838,15m,2026-08-29T09:07:03.586307868Z,2026-08-29T09:07:04.153302+00:00,1787994427019,,3433,,15000,LOW,observed timing difference; causality not established,0.1.0
3949829@1787994424,ETH,3949829,15m,2026-08-29T09:07:03.458780597Z,2026-08-29T09:07:04.153302+00:00,1787994427345,,3886,,15000,LOW,observed timing difference; causality not established,0.1.0
3949858@1787994439,XRP,3949858,5m,2026-08-29T09:07:12.767477177Z,2026-08-29T09:07:19.153423+00:00,1787994439710,,6943,,15000,LOW,observed timing difference; causality not established,0.1.0
3949860@1787994439,BTC,3949860,5m,2026-08-29T09:07:17.671666118Z,2026-08-29T09:07:19.153423+00:00,1787994440128,,2456,,15000,LOW,observed timing difference; causality not established,0.1.0
3949865@1787994439,ETH,3949865,5m,2026-08-29T09:07:15.485844886Z,2026-08-29T09:07:19.153423+00:00,1787994440255,,4769,,15000,LOW,observed timing difference; causality not established,0.1.0
3949864@1787994439,SOL,3949864,5m,2026-08-29T09:07:14.758892739Z,2026-08-29T09:07:19.153423+00:00,1787994440939,,6180,,15000,LOW,observed timing difference; causality not established,0.1.0
3949827@1787994439,XRP,3949827,15m,2026-08-29T09:07:12.767477177Z,2026-08-29T09:07:19.153423+00:00,1787994441213,,8446,,15000,LOW,observed timing difference; causality not established,0.1.0
3949830@1787994439,SOL,3949830,15m,2026-08-29T09:07:14.758892739Z,2026-08-29T09:07:19.153423+00:00,1787994441494,,6735,,15000,LOW,observed timing difference; causality not established,0.1.0
3949838@1787994439,BTC,3949838,15m,2026-08-29T09:07:17.671666118Z,2026-08-29T09:07:19.153423+00:00,1787994441891,,4219,,15000,LOW,observed timing difference; causality not established,0.1.0
3949829@1787994439,ETH,3949829,15m,2026-08-29T09:07:15.485844886Z,2026-08-29T09:07:19.153423+00:00,1787994442219,,6733,,15000,LOW,observed timing difference; causality not established,0.1.0
